year,day_of_year,season,temperature,humidity,energy_usage
2021,1,summer,19.708638020900622,78.62588883555499,11.731837202134194
2021,2,summer,20.703553609521332,78.35041138011167,13.453956730930972
2021,3,summer,21.339177732687276,82.73678768761536,15.393096302152877
2021,4,summer,20.823303632851015,79.92172798717014,16.657684205412227
2021,5,summer,22.277698099145947,80.40617525546142,16.927319568701233
2021,6,summer,23.00155864700475,73.82912363197836,18.355695962102473
2021,7,summer,24.536045537189207,83.80172361966589,18.92407023607043
2021,8,summer,24.99061151935509,73.49641965253487,19.15239564656209
2021,9,summer,25.718822560686636,87.50667327738185,20.29662245567723
2021,10,summer,26.08564887346506,81.84329575252538,21.654630786645278
2021,11,summer,26.728138911120535,76.6223375678202,22.28564731993729
2021,12,summer,27.303540941016244,81.50163361316164,22.483355002153463
2021,13,summer,28.426522552800705,88.68677796094124,23.285411161456327
2021,14,summer,28.373070674959617,88.24428319903883,23.98043538113966
2021,15,summer,28.57272056439599,81.56761597911502,24.489433253975267
2021,16,summer,29.247813343552178,80.91927295060964,24.099823205435676
2021,17,summer,26.27538795580523,80.71109461518313,23.42401449035121
2021,18,summer,26.498210385322142,83.42309319647441,23.06823112173957
2021,19,summer,27.02785036893253,76.33926944503892,23.087186837938855
2021,20,summer,26.70901044838614,85.00618469033267,23.149028762965404
2021,21,summer,25.521162996278967,88.68888020477789,23.09266918268556
2021,22,summer,28.40490027645696,91.6005790561447,23.43781818960594
2021,23,summer,28.077863495390964,76.42034591133554,23.57309713089136
2021,24,summer,28.244085688566688,83.04807722196783,23.666461701415226
2021,25,summer,27.840630531577286,80.22344181135786,23.732579579447073
2021,26,summer,26.658608329545586,79.71781017353386,23.822511629354295
2021,27,summer,25.89989916838957,84.49191863528782,23.592672972850284
2021,28,summer,28.80364387053861,75.09399382399967,24.04560583317464
2021,29,summer,31.989140977298135,77.84863153937071,23.6329786210712
2021,30,summer,36.930672441399764,83.82801708562236,23.823750758762475
2021,31,summer,30.119868907013114,78.3322576881398,23.825743132498488
2021,32,summer,26.031012230596616,81.4847796415067,23.462712931641008
2021,33,summer,26.605182428023408,76.22170556457293,23.20716137191588
2021,34,summer,28.503457835537713,83.7488708260807,23.463412834757364
2021,35,summer,29.519671458144536,79.58798334504249,23.90397500983857
2021,36,summer,29.564924052652934,75.15998027451893,23.494054886594505
2021,37,summer,28.1825950621862,81.79717235590653,23.68835722405242
2021,38,summer,26.892969998349137,72.0526202116723,23.73158799927785
2021,39,summer,26.75735116861404,77.76350833167638,23.702354599865505
2021,40,summer,25.296719748862753,75.96124559257603,23.47700907339237
2021,41,summer,26.150394409371835,74.18142915719778,23.64264813664828
2021,42,summer,26.28276008727548,80.94171095295648,23.832792734147763
2021,43,summer,26.350657192023732,77.39626631435745,24.17875048363681
2021,44,summer,27.494606050852862,81.98962405856938,24.34167735498433
2021,45,summer,26.925279559602302,75.79964636303168,23.723063531706856
2021,46,summer,26.12135056600463,82.58535773261586,24.081624165130332
2021,47,summer,25.128023034846333,73.7360656583548,23.305305913216557
2021,48,summer,27.127674664458453,73.93205371609726,23.586334211755688
2021,49,summer,27.773594151517358,83.22251860005315,23.77521418384579
2021,50,summer,27.179479070518617,79.62018768569023,23.782958245017443
2021,51,summer,25.37746027115718,79.76267944296674,23.15194757878497
2021,52,summer,25.15760380194613,89.8233989411384,23.001121293754466
2021,53,summer,25.34383864224406,87.76554970292443,22.79440179116872
2021,54,summer,25.458449279580112,80.03992245888004,22.612313584948854
2021,55,summer,25.139423679724537,79.26369210977748,22.652809294767703
2021,56,summer,23.909209855562008,80.01475334988504,22.945201260573594
2021,57,summer,23.717965409584664,80.87516704204558,22.465468699728298
2021,58,summer,22.900189951289658,84.75673164949585,22.05469624925895
2021,59,summer,24.977282833612836,81.67147195102595,22.413272863296317
2021,60,summer,23.7523572335736,83.5971880502972,21.904288173803014
2021,61,summer,22.86782200400346,87.06964271538746,21.66631202339291
2021,62,summer,22.49494268681673,84.10894145093135,21.771453612682187
2021,63,summer,21.13711713318594,80.945953094714,21.49821223395761
2021,64,summer,21.137691744631265,79.23379897640488,20.599057827934367
2021,65,summer,23.024783534197383,76.7489607837222,20.655613663590472
2021,66,summer,23.13117670150357,86.4745533176256,21.302096855815687
2021,67,summer,25.209237438331467,78.17193639046872,22.07451240186286
2021,68,summer,26.822028065911788,85.63301721916245,22.201867655300337
2021,69,summer,26.376330100403518,85.70853367124222,22.638452609980355
2021,70,summer,27.664691409214395,77.50958652803544,23.15260398545357
2021,71,summer,26.752792385196265,88.29049690637389,23.151278466869304
2021,72,summer,26.963215081305325,72.49865075853795,23.09037983202196
2021,73,summer,27.422294276961328,77.87773151437436,23.103849632237456
2021,74,summer,27.858698176875468,80.35315085225172,23.100987290352506
2021,75,summer,26.554896383997338,73.84746546398239,23.18130028299836
2021,76,summer,27.55835663173847,81.89774958500816,23.228397076487095
2021,77,summer,29.135295432986183,80.21537554360782,23.594484304446794
2021,78,summer,29.357387301321936,79.04315489751589,23.658402420224824
2021,79,summer,30.06748470007785,78.1769594335668,23.721233990075017
2021,80,autumn,29.229309995673685,66.13677765091833,19.8889725975122
2021,81,autumn,28.618504823912858,83.25710468290832,16.43000578697411
2021,82,autumn,29.640663108474573,74.50673245559454,13.71833492368378
2021,83,autumn,28.131233690410056,80.73004190828908,12.03570770808941
2021,84,autumn,26.26460722816063,74.1386266340485,10.342832781368578
2021,85,autumn,25.207907232724175,81.87031469490444,9.67762594230384
2021,86,autumn,22.441497400265103,78.1845684683289,8.869922458711502
2021,87,autumn,22.21931319343667,74.9511485763338,7.760124032406423
2021,88,autumn,23.221487554225085,88.41650688525219,7.124007145281886
2021,89,autumn,23.66146045275468,75.92468310441618,6.65037320508843
2021,90,autumn,22.7577029270754,78.14111692632201,6.798934413543866
2021,91,autumn,22.64440264470405,72.04528092236814,6.912955803457904
2021,92,autumn,22.096788268148202,81.40820045858624,6.430508980952924
2021,93,autumn,22.35940951931982,80.52957650461639,6.179911910745732
2021,94,autumn,20.760523912344745,83.66560764967923,6.181195506049958
2021,95,autumn,21.546541947841714,82.9798888067862,6.0581194826730025
2021,96,autumn,20.638371204895527,87.3204339821006,5.6326705777672705
2021,97,autumn,21.997184539116393,79.2339402530115,5.626139174529202
2021,98,autumn,20.89969237241183,75.40571428180279,5.502823684159748
2021,99,autumn,20.27102339098987,73.07494025958779,5.218065588435613
2021,100,autumn,21.748199100183122,78.57304259622836,4.829579091168423
2021,101,autumn,22.246826645051563,85.30272282229046,4.789817393720353
2021,102,autumn,20.566728247511,81.79333865594356,4.792137612291044
2021,103,autumn,19.50985282024975,84.3858533130064,4.326741266078261
2021,104,autumn,19.364200656566357,79.39054658803204,4.103489405917639
2021,105,autumn,20.134499881275563,81.58118057425364,4.0725533509294936
2021,106,autumn,19.695875316935734,87.81483405086264,4.044066905559646
2021,107,autumn,19.842903643796063,77.9076640279184,3.8038605939900956
2021,108,autumn,20.164620881245174,75.34675165374718,4.29401699357945
2021,109,autumn,20.367163542800544,83.16098540223862,3.934360114194183
2021,110,autumn,21.002409692361578,83.47872801924183,3.9509845834805164
2021,111,autumn,19.099392678586675,80.18106798911583,4.521063149071525
2021,112,autumn,18.65361302064882,84.5324009303973,4.401347483402302
2021,113,autumn,19.454714108469297,73.92642868220763,4.282903690444895
2021,114,autumn,17.93294823222495,82.39511626504856,4.808402356159791
2021,115,autumn,19.213912225856504,86.43633728958122,5.108810459190516
2021,116,autumn,18.56617274507868,77.41058325269384,4.887319352562095
2021,117,autumn,17.73710720951012,81.14476178175593,4.987170384826096
2021,118,autumn,17.75684021268299,70.3860449920924,4.509958537453709
2021,119,autumn,18.073208922752134,84.93174272365647,4.865280694092942
2021,120,autumn,18.051358182051153,79.95245374736018,4.7102578166132
2021,121,autumn,18.968747468270927,79.45172285959765,5.158078025041609
2021,122,autumn,17.94527899906059,81.64815243573987,5.107112545682626
2021,123,autumn,17.286244161030208,85.29043288324978,4.851397872681429
2021,124,autumn,18.623811086301828,71.84683404351199,5.025637022529499
2021,125,autumn,20.63335539933645,85.15771403882086,5.312977288576029
2021,126,autumn,20.153620154611204,83.65738784142125,4.622544751707888
2021,127,autumn,19.730426374700148,69.58162712990861,4.43446620745816
2021,128,autumn,18.844109161358542,73.5281160306407,4.605598321603635
2021,129,autumn,19.44624785053364,85.40175844410952,4.927632482713562
2021,130,autumn,19.481468237743446,81.24962283621616,5.099024483855003
2021,131,autumn,21.628219687600676,81.32155820453394,4.564986490151032
2021,132,autumn,24.07464655220512,78.75372003979284,4.1899295137222445
2021,133,autumn,25.902657054983685,75.14661135185472,4.039574153630369
2021,134,autumn,25.879751236378866,75.81789837052806,4.479810272195168
2021,135,autumn,27.060675273238942,79.81112311798117,4.402888826584614
2021,136,autumn,28.07536611760235,82.16892848807217,4.3773852805504205
2021,137,autumn,26.982396972351147,77.68748635930953,4.390372377051013
2021,138,autumn,26.296426724167453,75.85299069743189,4.367820024452466
2021,139,autumn,26.58988739264116,67.71170317687897,4.362534064122434
2021,140,autumn,23.945875694063854,79.00143178928819,4.520159185286852
2021,141,autumn,23.007220566959926,69.63918274195275,4.515240990871363
2021,142,autumn,23.10763110272134,80.67519401706772,4.198277900247139
2021,143,autumn,23.53865646140955,87.51648553026963,4.047303600453177
2021,144,autumn,21.966689806067592,82.07628367459294,4.127007238860305
2021,145,autumn,22.374897392646794,82.05348461298126,4.376686017489209
2021,146,autumn,19.902129708096876,81.20087894727438,4.490512579687037
2021,147,autumn,21.218437971903036,78.62308549933972,4.591378758003829
2021,148,autumn,21.740750587538304,79.5096982985253,4.650401724611067
2021,149,autumn,22.384502848922462,84.96674136973532,5.3871975886771315
2021,150,autumn,23.075995667844513,85.54817524453283,5.34068563441952
2021,151,autumn,22.26158859499709,77.90726231269328,5.627068376447273
2021,152,autumn,23.478152000350075,80.3320771358004,5.7678145683981406
2021,153,autumn,23.322258140993505,69.59295537143143,5.9220444818504205
2021,154,autumn,24.935132966111585,82.16805250500336,5.5626278313625
2021,155,autumn,25.05390601785109,77.90244077866879,4.673568016881136
2021,156,autumn,25.477043926132342,78.59377071987568,5.441701645182939
2021,157,autumn,26.183691934742953,79.36216370154747,5.712450045480397
2021,158,autumn,26.558243495299035,92.4168824372054,5.7064604274757675
2021,159,autumn,27.59966014803933,85.06836933658174,5.481972285885769
2021,160,autumn,26.906816415272772,90.78643328252112,5.421157002780529
2021,161,autumn,27.337205930255003,63.42788380665411,4.996679237697088
2021,162,autumn,25.56656578013913,80.9126504357796,4.735161097722171
2021,163,autumn,24.87044913738573,82.02240014142087,4.903951398724807
2021,164,autumn,22.64484759575582,81.11456628097696,4.906904175236372
2021,165,autumn,22.231076709810683,74.48183106115219,5.0563445069648845
2021,166,autumn,23.904625623459104,77.18285855037531,5.087852491341022
2021,167,autumn,23.216239380205387,80.43027156918242,5.547296575921852
2021,168,autumn,22.251309773397562,71.97561849196634,5.642404314101205
2021,169,autumn,21.778857024285415,82.63854129738323,5.038216000710199
2021,170,autumn,20.966978791851602,86.69593018784684,4.396298878513372
2021,171,autumn,21.388851229916476,81.19443329163538,4.5222844909407796
2021,172,winter,19.229817580682077,80.99978989398309,5.030078770476759
2021,173,winter,17.407035466003478,82.07074651010083,5.733478289781291
2021,174,winter,17.381671841198322,83.46634015542976,6.521608206240024
2021,175,winter,15.988249977297217,82.69801871655832,7.284327826072876
2021,176,winter,15.500715368139334,75.18647610550487,7.23706061127596
2021,177,winter,13.389304184165756,80.15256994973068,8.07646467538621
2021,178,winter,12.404140830240145,82.34632449403499,7.885169827874567
2021,179,winter,13.668349913510795,85.59198664563449,8.384743052044852
2021,180,winter,14.317255051521713,82.11000391437204,8.780879572876056
2021,181,winter,13.085859297958434,84.38543796416899,9.047046459063932
2021,182,winter,12.84023919169843,79.2517801048724,8.90223036665997
2021,183,winter,14.279713748143193,83.83850566226056,8.822092528327328
2021,184,winter,13.585611435037167,73.82119378437949,8.705046072725334
2021,185,winter,13.78529720121309,79.79611792081798,9.000097603825667
2021,186,winter,13.589201073805008,83.87822742278135,9.523783416819946
2021,187,winter,14.728895675598395,77.80395774497796,9.523742025164532
2021,188,winter,15.353698290731536,82.3667814592327,9.51129251206563
2021,189,winter,15.576205835970713,79.31811679400899,9.200694968508897
2021,190,winter,16.46283443917592,69.72257480316016,8.874427944335823
2021,191,winter,15.698078405012295,80.79156265723726,9.340046763588575
2021,192,winter,17.55128729368969,74.70387242883365,9.503654843379639
2021,193,winter,16.91910905194062,76.34479925888444,9.864770830526018
2021,194,winter,17.70270656534514,80.54631105014008,9.606761847247528
2021,195,winter,15.765929793204924,84.27978147122427,9.072584253455595
2021,196,winter,15.178400398118233,77.24351452292014,9.121373560091534
2021,197,winter,14.948633860950068,81.6331018922014,8.64573570961059
2021,198,winter,13.115325828953377,78.55309177508931,8.827291004315281
2021,199,winter,13.224345175464785,83.57018889527576,8.889623532301032
2021,200,winter,3.6553245424040597,75.38617554583908,9.002997977147146
2021,201,winter,13.303133527449958,77.95609673037012,9.47691197654119
2021,202,winter,13.446078710556888,83.83465368763686,9.204357702356445
2021,203,winter,14.573558577285038,77.9865841980957,8.971602131540255
2021,204,winter,14.66069474521785,81.4877117681286,9.037505332916728
2021,205,winter,12.546831805520714,89.35106442185126,9.20392207239531
2021,206,winter,13.922412379531465,77.43688066205323,9.396539564045163
2021,207,winter,14.062317297814488,82.49858651021552,9.513627426004929
2021,208,winter,14.190205129813869,78.34538450347205,10.022700861187419
2021,209,winter,13.941561167540197,73.96566584626092,10.091136689581678
2021,210,winter,14.049449604473972,73.74569230788549,9.70809346661958
2021,211,winter,13.833969020168656,76.92244637839855,9.246927962456656
2021,212,winter,13.273696465148861,91.42760976705138,9.412887534005776
2021,213,winter,12.336521396836341,74.44848801055464,9.907660476783425
2021,214,winter,19.859576262069172,79.05328387444531,17.083177526580002
2021,215,winter,26.11154255003038,73.65869984179209,22.605405090571267
2021,216,winter,20.114304543897376,81.12242451344667,16.13773373158775
2021,217,winter,15.563559456572564,81.18342703055528,9.861449004722218
2021,218,winter,15.006848229754608,81.34254593742968,9.784364050064971
2021,219,winter,16.14488104706709,83.02633714828826,9.241848757043922
2021,220,winter,14.42593516206604,77.66334794074264,9.147655973132366
2021,221,winter,16.067744989390302,88.30358715139201,8.747343777805899
2021,222,winter,15.377343190618607,82.00039471351428,9.161438488805944
2021,223,winter,13.75360541042745,79.60304060076749,9.374094917378992
2021,224,winter,14.032143618653112,79.9245414927207,9.091546796704979
2021,225,winter,12.646441357657213,82.01125546190057,9.070276598052777
2021,226,winter,13.5725776040656,79.46331499986479,9.099742519004582
2021,227,winter,13.673068158828857,82.33209848774,9.009540545418936
2021,228,winter,14.221162840584373,78.41833898789318,9.24843672627112
2021,229,winter,14.761188299901765,82.85332018860242,9.161081716772529
2021,230,winter,12.619042751651495,76.37970354543548,9.519047519612561
2021,231,winter,13.591038798458374,86.68309114937145,9.044594575392962
2021,232,winter,13.441439005223943,85.19874073271545,8.888199095390492
2021,233,winter,12.362066150751165,74.4272357671473,9.270679506749364
2021,234,winter,12.044828348286002,70.73699542854393,9.510760234512942
2021,235,winter,13.210508505204402,84.3698867845313,10.041712327650316
2021,236,winter,14.705001693887443,79.70602469184072,10.188474652814785
2021,237,winter,15.862711699056197,80.37764662204114,9.849165589248745
2021,238,winter,14.890920878069382,75.44291110752185,9.060583152596505
2021,239,winter,14.515988382324228,80.79208564233639,9.220981515028125
2021,240,winter,15.971299104344968,80.29713079055762,9.402147567755256
2021,241,winter,15.56423093226304,80.53904736827253,10.03526034064162
2021,242,winter,14.731377240325655,69.50977710189449,9.647063474937628
2021,243,winter,13.935539198734727,83.4882048553382,9.695144847672175
2021,244,winter,12.080763394811395,79.3823204172696,9.913923881203988
2021,245,winter,10.244496007734487,86.0240800457691,10.516765030128663
2021,246,winter,9.63117296478748,85.2416305636763,10.770164516662964
2021,247,winter,11.051833227028101,75.32206804791655,11.199552519779818
2021,248,winter,11.338077998093556,86.9338851440691,11.032462182436687
2021,249,winter,11.284615274389822,88.8887158495734,10.509163359437233
2021,250,winter,11.730392665716257,80.80754019699964,11.01740309864587
2021,251,winter,11.280615331228779,77.37244568484412,10.578718158802388
2021,252,winter,12.382004001241047,77.3083833189876,10.517276906427092
2021,253,winter,13.049068527299477,87.61615258064128,10.981421153605531
2021,254,winter,14.993596267526955,84.22754062545808,10.601702255520287
2021,255,winter,15.804947892476118,86.64829416973633,9.858974872671737
2021,256,winter,14.631166371043708,79.64483549533593,9.864068472075868
2021,257,winter,13.712706593886981,81.5582078947196,9.740597037553103
2021,258,winter,13.725249967268264,80.65487886408177,9.998042775201425
2021,259,winter,13.552801700372447,78.86715764973974,9.820559703668303
2021,260,winter,14.477751645804847,83.73504382904275,26.27588537789847
2021,261,winter,14.85138351294527,85.82194790444377,9.804231158941109
2021,262,winter,15.211042125533886,77.23001770726354,10.418842095922736
2021,263,winter,15.371396333819872,83.84722680576397,10.465540413661232
2021,264,spring,14.536877424347972,90.37731880272737,9.251900493890012
2021,265,spring,15.711677868574743,76.36777850722312,8.865797432216137
2021,266,spring,15.706888587206427,87.72926400841463,7.9733300757853645
2021,267,spring,16.350595996327993,79.48448254599579,7.282897860076855
2021,268,spring,15.317577309421885,76.2458930554366,7.230109744968754
2021,269,spring,15.801565710095266,73.38000365788307,6.503748090092858
2021,270,spring,15.153887404739901,79.77766728724998,5.825881541886946
2021,271,spring,15.695562482202316,76.1422972721283,5.805519826628942
2021,272,spring,14.544655279533007,81.75129557385303,5.43477206676596
2021,273,spring,15.893380685337844,75.46860281352299,4.880048190330547
2021,274,spring,14.129986945948998,77.07360705693713,5.203936773939289
2021,275,spring,16.06955885331477,81.22182482944947,4.911093397805102
2021,276,spring,16.877825758444065,82.49432686760765,4.84992168973296
2021,277,spring,16.584364895584223,82.38711483684823,5.000827523310935
2021,278,spring,15.400738842027518,84.01680475668098,4.376522948411324
2021,279,spring,27.74846075114234,84.9399725198735,4.535992253309376
2021,280,spring,35.9671822241671,91.44487014207444,4.789354025630376
2021,281,spring,23.732673904144043,80.00098394241186,4.878837087316274
2021,282,spring,15.819496704780443,78.51881732093585,4.666875643442895
2021,283,spring,15.063834029041669,82.42456882622726,4.888922300989892
2021,284,spring,15.260648268323065,82.69628530661625,4.3796063013418856
2021,285,spring,14.33246915204728,73.8752841831921,4.796718485193771
2021,286,spring,15.155623074339806,78.33033209555349,5.105300406540844
2021,287,spring,13.964385563529222,76.54015958175393,5.353620655683414
2021,288,spring,14.890086428214708,89.49935952979872,5.610771831460723
2021,289,spring,13.98925491822848,84.09489703918483,6.148414151573978
2021,290,spring,14.722059959693164,88.19728556311281,6.147043791854287
2021,291,spring,15.143088103158366,77.28810184467326,5.880681992782821
2021,292,spring,16.754154271490737,77.68073528134738,5.458661418364504
2021,293,spring,16.557859360305727,74.15121747121323,5.856256928862826
2021,294,spring,15.942504412559634,73.45923489019182,5.614765297240255
2021,295,spring,17.506184954018263,78.12703195536074,5.443243707715332
2021,296,spring,17.90047244745634,74.5186805139723,5.661757491992307
2021,297,spring,16.176211334077134,84.17100182613603,5.124643548115935
2021,298,spring,15.83029983563119,74.98902171577137,4.986869544843292
2021,299,spring,17.056272955854237,78.5579755544002,4.865284117501935
2021,300,spring,17.277441133626823,77.62206454138571,5.493172555818157
2021,301,spring,16.088541134671804,80.8231273251589,5.514706368019665
2021,302,spring,16.25415023977939,82.04793895528563,6.014900332165109
2021,303,spring,15.738187802782203,95.0,5.64750437717544
2021,304,spring,15.519566526185864,71.0509158072398,5.329109515404604
2021,305,spring,16.440232415316494,71.81074728595695,5.12408008280598
2021,306,spring,16.055496968775756,85.42680328450656,5.539090777880381
2021,307,spring,17.72547562527316,80.44116640017722,5.983322951953231
2021,308,spring,17.100402629272796,81.521772578445,5.499522330550061
2021,309,spring,17.97359212059559,68.31366378333126,5.201061664707112
2021,310,spring,17.194185403747355,85.12819154438067,5.501510455787606
2021,311,spring,17.17565553511392,82.27059409720636,5.811660759920574
2021,312,spring,18.511970727513788,84.3875725655316,4.986897331290888
2021,313,spring,17.869255553699865,76.71271326471864,4.868586358295323
2021,314,spring,18.07817857158084,84.01013376016489,4.807655414954039
2021,315,spring,16.648913340350866,81.78912894891013,4.616922198467192
2021,316,spring,17.51806554089943,69.85295843838166,4.873024563741932
2021,317,spring,17.11296121622939,72.53178907173604,5.335722359114571
2021,318,spring,16.53325343416995,69.43023838319783,5.28181186193128
2021,319,spring,17.851117538579302,76.89985239108142,4.648947827580863
2021,320,spring,18.70605029083263,80.64778136142185,5.025319610766371
2021,321,spring,18.693106027334025,76.09952023804377,4.847884423281349
2021,322,spring,19.163835064873503,84.78350642227993,4.892013981254163
2021,323,spring,19.399113227164893,79.09939436171322,4.829024433613312
2021,324,spring,17.538070349136003,75.60067527053332,4.2726914115315635
2021,325,spring,17.11226408789075,83.15077887535637,4.273445777553068
2021,326,spring,15.398373785358444,73.40783457424669,4.52678654155053
2021,327,spring,13.98164687954841,81.31000557888656,4.7187742640867825
2021,328,spring,14.63119991765996,77.7526335607774,4.225746017564248
2021,329,spring,15.033882214526583,88.66122609411435,4.3265938079265025
2021,330,spring,16.543122335044117,85.52024086521975,3.7673234705516765
2021,331,spring,16.212360567249537,81.99976840649093,3.6901260072081454
2021,332,spring,16.69480793970498,79.23107667334752,3.772868824339027
2021,333,spring,16.776120309852995,73.52228707261808,3.308877282693995
2021,334,spring,15.090829666073416,79.61063622940343,3.978291259983025
2021,335,spring,14.872677648646619,86.10893983001338,3.932882754813101
2021,336,spring,16.34047894373827,82.01306011116789,3.9775049920508914
2021,337,spring,16.5375552081824,70.08694117845883,4.27670725018501
2021,338,spring,17.978397409028194,77.55901348713586,4.358501228073481
2021,339,spring,16.539943502664762,83.9776686307075,4.179927877040226
2021,340,spring,17.4838367202645,88.48854556340308,4.374288351127584
2021,341,spring,17.154984076666658,83.39420898895604,4.663379961365931
2021,342,spring,19.42160722127276,81.0587823028479,4.9776031849600715
2021,343,spring,19.079309709583043,77.47839024347331,4.826969227762759
2021,344,spring,19.913893102980474,89.54495751898558,4.442466845886172
2021,345,spring,18.733159570741282,80.34122782372779,4.159456009761801
2021,346,spring,16.11127156547929,79.87768630435824,3.8824001508204184
2021,347,spring,15.642831155317236,81.86800817909813,4.158424242342135
2021,348,spring,16.11542782239077,85.07997092156467,3.7333427868941094
2021,349,spring,16.396616202379064,87.79456338068256,4.613077903729683
2021,350,spring,15.79546995415454,72.28816554820713,4.975529644228685
2021,351,spring,18.22916236372898,79.70600358454594,4.846261484441815
2021,352,spring,18.42265648076693,88.56838395977337,5.159886156526733
2021,353,spring,18.733809451155604,73.03915731998147,5.203401367006555
2021,354,spring,19.946990297568675,85.54736618130576,5.071258698469722
2021,355,summer,19.816603263212215,84.50111025847202,7.923721136100038
2021,356,summer,20.92086423355909,83.28803395573208,10.31465621029177
2021,357,summer,21.040593539162114,79.56934608412105,12.034739234160607
2021,358,summer,22.939998783059625,77.4950720228486,13.597198570560524
2021,359,summer,23.73203787324646,86.12652094408935,15.416663282695742
2021,360,summer,24.011370327764947,78.97567186015911,17.478735093650247
2021,361,summer,26.121838941521023,78.21365122885544,18.430201056478353
2021,362,summer,24.42824443442135,89.31993908006883,19.608497513183927
2021,363,summer,24.49381832074993,84.16263929509599,19.863681367402748
2021,364,summer,24.53735675740217,75.63732179312088,21.038414906912433
2021,365,summer,26.584203830185213,83.80838647400876,21.455097544781054
2022,1,summer,26.277705312721338,76.18225727375838,21.691430242682326
2022,2,summer,27.650819329122232,75.04219949137253,22.235999351927745
2022,3,summer,26.501425484856217,77.95763611991372,22.58074030091811
2022,4,summer,25.726746561186925,78.75419096796068,22.765712962112474
2022,5,summer,25.52963581543053,83.77172536882382,22.986967463125993
2022,6,summer,27.941970909869546,76.7238247423757,23.14991107553477
2022,7,summer,28.637913902486684,81.25035267377983,23.0975849491278
2022,8,summer,28.527792841008694,78.69981578312259,23.42432103784414
2022,9,summer,27.443214118138556,81.83665835971675,23.473170578693374
2022,10,summer,28.35829639021567,91.91300724909077,23.911071192685416
2022,11,summer,27.73230780494581,76.03653747125543,23.689813661957395
2022,12,summer,27.250858619740555,89.59378867391626,23.23822973160796
2022,13,summer,27.099952197580105,73.03980085919724,23.425326664243546
2022,14,summer,26.471052757531375,78.43545383929188,23.473235448899857
2022,15,summer,27.67468316896806,72.50485048147185,23.30943910667093
2022,16,summer,28.499889064667045,73.61206799995104,23.35698802354816
2022,17,summer,29.509990606913224,75.08841905659108,23.716252437683085
2022,18,summer,27.753729671038865,84.42405370885623,23.57011124459065
2022,19,summer,28.18885722390889,74.28468871203107,23.671989339130885
2022,20,summer,27.579104121411874,73.09562988016549,23.825778098970872
2022,21,summer,27.97864920245926,75.90537052063165,23.30300406696513
2022,22,summer,26.86273325359817,76.82741782589129,23.074486625473657
2022,23,summer,27.04494982506332,81.0548016093256,23.415113255516562
2022,24,summer,27.352506953630932,79.85054891636655,23.518591005699008
2022,25,summer,28.979665658706317,78.12355521345927,23.986140289407437
2022,26,summer,28.138466357511934,74.75751000948357,24.237008761493804
2022,27,summer,29.326840514862585,81.90460137093248,24.740850532027363
2022,28,summer,30.634112223008003,78.68962627541663,24.8110861923708
2022,29,summer,29.67973087635579,72.99813191010847,25.119621768023176
2022,30,summer,28.507993965328463,75.74378021266644,24.629289097365728
2022,31,summer,29.60519620288178,78.74285839003693,24.487607830136376
2022,32,summer,31.493166713422028,84.12304107878936,25.076349644988404
2022,33,summer,32.36185826272567,72.11694628495357,25.510358437893796
2022,34,summer,33.12543031307323,87.30615083738364,25.628876268468225
2022,35,summer,32.64650202935804,78.40609845337856,26.041918570034948
2022,36,summer,31.739263188158954,81.3269281636864,26.320805647798785
2022,37,summer,32.143172776408086,86.32954626120888,26.05132608432886
2022,38,summer,31.092509307999098,80.83790817256327,25.81055740809148
2022,39,summer,21.772255494036315,82.99025402719138,17.825400656527528
2022,40,summer,11.300735798475728,78.44729530702325,10.504409215825937
2022,41,summer,22.282235717481058,77.58862470717335,18.086345878633637
2022,42,summer,33.128570621378486,84.19228861691768,26.318776611421303
2022,43,summer,33.41505371887067,82.98852775054092,26.649387676701046
2022,44,summer,33.47528997044568,77.78296637282591,26.584270506655763
2022,45,summer,31.444023924524117,72.52650928912368,26.117469328280645
2022,46,summer,33.20680640215239,81.7785168811588,26.259713506616087
2022,47,summer,32.244447439469475,69.97731893451096,26.38369966477608
2022,48,summer,31.640507729019753,77.97576512804342,26.142125610699093
2022,49,summer,31.290421472077135,85.87445369421036,25.998522805358004
2022,50,summer,30.17880844078491,82.32738388666937,26.33328306194164
2022,51,summer,30.730227585281344,72.21361614733722,25.779427806168858
2022,52,summer,30.680734432232946,79.87251832300764,25.932763814697893
2022,53,summer,30.270948291288807,88.3224825370484,26.309202888175598
2022,54,summer,30.96881970507681,81.94129261326087,26.399292544991916
2022,55,summer,31.775856539950638,89.66359151115556,26.038385949781798
2022,56,summer,30.22150442200006,83.82379541968004,26.00362585647092
2022,57,summer,30.29432129109722,86.72886497903592,25.93906794312426
2022,58,summer,29.934065217160754,89.38510199932819,25.637569573970378
2022,59,summer,29.73452701902593,83.34223616193914,25.08572757839845
2022,60,summer,30.05000784898385,81.68751177802756,24.743707275734092
2022,61,summer,30.92381151453393,88.47207462808582,25.227497830691405
2022,62,summer,30.060251685250016,73.50168408127531,25.01939308082111
2022,63,summer,30.25042397881479,79.28425659118415,24.7500159767396
2022,64,summer,30.2927436976827,74.76984945999047,24.448555025626977
2022,65,summer,29.561076281508786,74.78775452747261,24.64186587666264
2022,66,summer,28.107268315085626,82.43589566410225,24.284636529633612
2022,67,summer,28.436350024382577,75.37121064030049,23.954889879948684
2022,68,summer,27.41398476947832,83.16064508868058,24.015442566022717
2022,69,summer,27.40962624232761,79.82251469403883,23.90510883184061
2022,70,summer,26.86555713032545,87.52563282399599,24.48974770396249
2022,71,summer,25.26328463637459,80.71503050002283,23.924444864668743
2022,72,summer,25.88509995159146,81.75159413389893,23.70916969174156
2022,73,summer,26.85624919152123,84.36507618153468,24.012851024616502
2022,74,summer,26.681391746370377,86.51839733572504,23.8628944958324
2022,75,summer,25.067609824089175,69.14128807581312,23.940635721363687
2022,76,summer,27.402890277271606,86.76136839188945,23.185449958684195
2022,77,summer,27.33422840781694,84.01002246601739,22.69322679252317
2022,78,summer,27.629858833090307,84.18894091820793,22.46854307487725
2022,79,summer,26.88571577862763,90.61712735018145,22.265678548412406
2022,80,autumn,27.148940910378965,84.74467633625581,18.464949791117
2022,81,autumn,27.74154713526883,77.67822684527104,15.777418910778474
2022,82,autumn,27.873964928856456,77.63894610666851,13.783338734072478
2022,83,autumn,27.4516583987609,80.84551883982954,11.807641168149082
2022,84,autumn,26.654851991313286,70.64792341636308,10.764112760725228
2022,85,autumn,24.531857489875076,76.42991735302728,9.497216360242497
2022,86,autumn,23.537490381082772,76.83727974682884,8.467407817541714
2022,87,autumn,25.942015370292562,80.33252089241773,7.6772764433316345
2022,88,autumn,25.632886551873423,77.31756978520023,6.958850331896966
2022,89,autumn,27.27012819257129,66.70612109024256,6.363432674010028
2022,90,autumn,25.704941717809835,81.32222285947485,5.842792158099813
2022,91,autumn,25.774402420072814,79.85240150525573,6.2858064903964825
2022,92,autumn,26.8155529793668,83.2818491632923,5.795948414417919
2022,93,autumn,27.562421967463205,77.56292480025121,5.288423775083744
2022,94,autumn,25.570816894572594,76.77234247578026,4.975494414800727
2022,95,autumn,24.94826426872613,82.35362160164617,4.392937145065935
2022,96,autumn,24.284631667410114,85.40768434969205,4.987385477105053
2022,97,autumn,24.851220232935116,87.71908789402053,4.652461120412697
2022,98,autumn,23.983542725888746,75.54612655692074,4.809999669077406
2022,99,autumn,12.11583465767199,81.1563085660853,4.88321926593802
2022,100,autumn,3.090126032090847,82.85991455509712,5.154433494147771
2022,101,autumn,15.667000689876259,80.49195770659668,5.53085399652342
2022,102,autumn,20.407944899714316,84.93869550827173,5.208751403374217
2022,103,autumn,20.654884862867352,82.07640716490577,5.173142458517302
2022,104,autumn,20.57679984916855,84.57721892066357,4.923013107863173
2022,105,autumn,20.49516405212314,77.69079916091725,5.355364672338093
2022,106,autumn,20.191528630544237,80.47400660748357,5.067427342911188
2022,107,autumn,20.52638115680203,75.0692456095632,4.491042359528587
2022,108,autumn,20.942763975614632,82.02969948149496,4.9432110858208835
2022,109,autumn,19.60428914359194,75.03139319888568,5.05611439043773
2022,110,autumn,21.261462027916725,80.7114538885691,5.062670936460221
2022,111,autumn,21.531993377551444,76.59926463919895,4.964934447452029
2022,112,autumn,21.292714288884497,75.23558688195503,5.213374478382935
2022,113,autumn,21.42831588379118,89.06677141299448,5.461683314250295
2022,114,autumn,21.103226606522963,72.24601346857344,5.467381340004285
2022,115,autumn,20.1617148477403,81.16481366391359,5.668454609905574
2022,116,autumn,21.627310783461326,79.44974268806813,5.053536204108678
2022,117,autumn,22.01391144941927,73.84511087173865,5.2538794063443754
2022,118,autumn,21.58237030024738,79.52296558115323,5.306680394081978
2022,119,autumn,22.478968779424616,75.31491804344888,4.6880070962760785
2022,120,autumn,23.289012821533913,81.01514915859643,4.369907102257802
2022,121,autumn,22.428904743250786,77.87846675920684,4.537439283465973
2022,122,autumn,24.526560344164157,88.54361829955926,3.932636689436747
2022,123,autumn,23.44175966479281,89.78328662745218,4.122675283522791
2022,124,autumn,22.394607336123183,84.24742165827575,4.057656060904288
2022,125,autumn,21.93066266274853,76.80170000011458,4.3101297635910685
2022,126,autumn,21.609585500204197,79.82856949506629,4.643852311306755
2022,127,autumn,21.637212388672825,70.08287503805316,4.6787208172645665
2022,128,autumn,21.059871459621302,72.14914978826884,4.753101473093329
2022,129,autumn,20.39315942810471,81.16111081188042,4.6979903445580575
2022,130,autumn,17.307968327503655,85.20267717261625,4.655079062396247
2022,131,autumn,17.51971692606084,74.75060339431056,4.417666954952025
2022,132,autumn,16.009404192463705,73.44559129447948,4.081463501264915
2022,133,autumn,16.72732703858479,80.92768597990332,3.998063052048492
2022,134,autumn,17.357581142888698,77.40645287179092,4.28772480322262
2022,135,autumn,17.963155144071507,75.92839178056147,3.9484673130539605
2022,136,autumn,16.91162058234393,84.59438188346994,4.299393035981281
2022,137,autumn,17.364507373463777,78.35116023853209,4.54723420737631
2022,138,autumn,17.349258281009863,88.99814660650281,4.954027770641248
2022,139,autumn,17.99640649526939,78.85424122888047,5.307612073557641
2022,140,autumn,19.164956339656605,82.45678875226447,5.462618214617228
2022,141,autumn,18.966551302116553,70.23980354385223,5.544508691155913
2022,142,autumn,20.88464008914641,77.81924816258609,5.721015741345168
2022,143,autumn,21.48258054945814,78.94758210088695,5.822879124616004
2022,144,autumn,21.494020222274617,82.19771858248049,6.268368827370612
2022,145,autumn,21.500398060514712,82.75278376196226,6.168983777831892
2022,146,autumn,22.19870715514942,85.21989587533999,5.9637762887354615
2022,147,autumn,21.440670285363492,83.94536678164705,5.454397481071116
2022,148,autumn,21.663029652852817,66.99692626386755,5.343163776357563
2022,149,autumn,22.16511994884306,86.2577472378816,5.025376610275748
2022,150,autumn,21.071764621027096,82.65602185138023,5.007603119826809
2022,151,autumn,20.097348733181654,86.12002007918589,5.084290396073045
2022,152,autumn,21.134336718395122,81.49643693224877,4.704182823317066
2022,153,autumn,20.5567375393592,79.51902480681716,5.079617256902202
2022,154,autumn,19.85745965350833,72.96457292598635,4.757890537554917
2022,155,autumn,18.691314604473547,86.15727366503326,4.525475472372815
2022,156,autumn,18.99985111389695,81.69937519536374,4.5315225205136915
2022,157,autumn,20.37150701805136,83.50363516669982,4.630448510318341
2022,158,autumn,19.087077945419924,77.7853312369265,4.500244386111868
2022,159,autumn,18.721512936961663,91.2594059099661,4.0035169506259445
2022,160,autumn,19.93199454590591,79.79356399395733,4.0680689374965295
2022,161,autumn,19.182777368648743,72.08488954086664,4.304640132368268
2022,162,autumn,18.45400957992431,81.16157506392945,4.644091727869957
2022,163,autumn,18.604584697867416,79.2480764288514,4.350144251589102
2022,164,autumn,18.31858946790747,76.5313494645574,4.661112517092715
2022,165,autumn,18.780731258651922,76.80986203858414,4.830587873437627
2022,166,autumn,19.395882152905397,78.51603046825056,4.848153181358118
2022,167,autumn,18.60937781280173,88.08495202274682,5.331836914760838
2022,168,autumn,17.795500900483272,74.00806551752025,5.2808831129785645
2022,169,autumn,17.96377478569587,84.0366565044146,5.8227238296819825
2022,170,autumn,16.770535204221353,77.6659529414862,6.193232264856102
2022,171,autumn,17.773588974700502,82.33063780112201,6.473214728997085
2022,172,winter,16.46548155321955,84.2767996577006,7.322683438311631
2022,173,winter,14.820967436672452,79.22801424291967,7.576802184275111
2022,174,winter,15.097901043062109,81.94279043004617,7.6660010800705845
2022,175,winter,16.32580007108768,78.24474590620683,8.194660447689854
2022,176,winter,15.618692066824334,76.01446567015476,9.093678891341469
2022,177,winter,14.394153065191208,83.39887227194549,9.515406089512608
2022,178,winter,12.864835486625616,82.92696568635373,9.723065469882746
2022,179,winter,13.277734878276824,74.9067383104107,9.543503437086859
2022,180,winter,12.27095848051274,72.68058046549946,9.609880118875404
2022,181,winter,11.372624026832446,94.49979395112565,9.569654656869881
2022,182,winter,11.816739487131244,74.57184476494469,10.00652877364794
2022,183,winter,13.39922170731711,78.44856351793412,9.908769679158146
2022,184,winter,13.782474445028113,78.89824297830548,9.798502592331873
2022,185,winter,13.688701502970064,87.3679500601401,10.213212426323926
2022,186,winter,13.180856261873211,77.02354185075916,10.172411626042303
2022,187,winter,12.734102624612973,87.83477501365967,10.759039270245609
2022,188,winter,13.261823730767016,81.38630502197292,10.657508218177405
2022,189,winter,13.409807909955344,80.14024908896728,10.234503075964067
2022,190,winter,14.340861402351342,82.2240439868511,10.315295837876086
2022,191,winter,14.220747758763583,86.6525611000616,10.181038596048055
2022,192,winter,13.677983307424862,77.46246622209216,10.536429268483985
2022,193,winter,15.14956079234086,78.67968896826153,10.015566142633809
2022,194,winter,15.737927230735467,73.07021128569171,10.012667466316186
2022,195,winter,14.582112080780607,82.78187618635938,9.79008174140794
2022,196,winter,11.820594910479388,80.37345232619754,9.477638383748879
2022,197,winter,11.570178831054884,85.05858587458103,9.325359018124455
2022,198,winter,11.417153579974139,85.2477066261326,9.44595482529956
2022,199,winter,10.948099455059907,72.67538046810168,9.53003780946136
2022,200,winter,11.858090758426377,80.00899910782817,9.805313032987492
2022,201,winter,12.72930703466791,77.25310257981411,9.995263377360335
2022,202,winter,14.232536509294986,74.85108367468982,10.11436348859289
2022,203,winter,14.589745755993249,82.29733179668854,10.257431624924857
2022,204,winter,15.944727297250363,85.03566468602985,10.291573600607176
2022,205,winter,14.506765863959872,89.19250832103744,10.261628292944621
2022,206,winter,13.468367729973895,72.46013329614775,10.210538645862833
2022,207,winter,13.021840483814584,89.13475329355508,9.89542583712056
2022,208,winter,11.174545590305168,71.25364444656603,9.79014524493476
2022,209,winter,10.5625524159548,84.91190990182767,9.865903015715709
2022,210,winter,6.8628655809886885,79.16501603636539,9.96709745353881
2022,211,winter,12.751920035444778,78.5689368005658,9.932216054321152
2022,212,winter,11.407713935949097,78.59561432336652,10.068974051576836
2022,213,winter,11.723572087159507,81.31301542993387,10.043591329041458
2022,214,winter,12.033424693217041,74.66990900590116,10.21710030362538
2022,215,winter,10.835313356136131,83.41240130138532,10.327444235951539
2022,216,winter,11.175573394787872,80.23054236998682,10.581309794851121
2022,217,winter,10.792724059196617,82.33375787829864,10.425180329442604
2022,218,winter,10.445833293051471,84.58380618799167,10.542005206297839
2022,219,winter,10.840579504095606,84.5650068804437,10.40676355482266
2022,220,winter,10.950009738280611,78.2592002883252,10.590635774946831
2022,221,winter,10.987896909846606,78.55021125633056,10.952160701561779
2022,222,winter,10.845074444382094,77.74816838804,10.65849318107162
2022,223,winter,11.561985656992027,87.58655818404388,10.27786995532363
2022,224,winter,12.129579695637956,74.35008664361935,10.018725104994674
2022,225,winter,12.23118968899574,87.1224674900711,10.576603382405626
2022,226,winter,11.819125924216742,79.25471506768523,9.878348660208399
2022,227,winter,10.732707413637797,80.13363486166634,9.51546895949412
2022,228,winter,9.68211117897456,74.87609133003717,9.988056447797332
2022,229,winter,10.257190328640693,80.828578700996,10.084499946053224
2022,230,winter,9.668316947162886,67.1842789993,10.225179796240532
2022,231,winter,9.762384263851674,93.52986816118661,9.773006702510319
2022,232,winter,8.372357778288174,82.71814347645164,9.758938062557007
2022,233,winter,8.72904551174794,77.647334716232,9.71023434564209
2022,234,winter,9.279980590223719,76.78226564537621,9.781968616054513
2022,235,winter,10.558379224804552,81.61397707125373,10.057949880738816
2022,236,winter,10.54778442862644,79.32800897751014,10.234625925590512
2022,237,winter,9.609925326650973,84.47213748028167,10.783304575227387
2022,238,winter,9.32670272094722,81.5502714072476,10.700041656825267
2022,239,winter,8.844450152229554,77.43440094749221,10.46499620387826
2022,240,winter,10.420997065829683,77.10836555464974,10.354381606415531
2022,241,winter,8.382441329754466,80.07537256193196,10.168466610381303
2022,242,winter,9.779055342552189,74.32989788071362,10.483111816042953
2022,243,winter,9.876133008161398,81.24718808378532,10.364387816276247
2022,244,winter,11.006784404072251,77.06796320706079,10.43172679608204
2022,245,winter,11.574363928720533,86.7996491995307,10.440938933742643
2022,246,winter,11.422418984127638,87.4548757901676,10.27053165294045
2022,247,winter,12.227660052959518,72.39100257390409,10.016779362115168
2022,248,winter,10.789760861923334,86.5148088729361,9.808821199685719
2022,249,winter,10.827074369276717,73.26935287055832,9.790742863421448
2022,250,winter,9.970459439124026,78.23419779886383,10.103156128508537
2022,251,winter,10.40937162220495,75.4000387247176,10.639231814620219
2022,252,winter,10.658601654105034,79.3220848733003,10.281361144323283
2022,253,winter,11.42151791457835,79.09172981748983,9.84675269115883
2022,254,winter,11.531095696526807,81.33068011503289,9.827917350152765
2022,255,winter,12.416305907139675,79.71270235664981,10.310904866274178
2022,256,winter,11.987736832581977,77.40425365385032,10.699269617582994
2022,257,winter,12.412753430704035,81.56618355034175,10.668668173616236
2022,258,winter,12.42699885312045,76.28284116724946,10.93504793219462
2022,259,winter,11.513595554645972,80.15787983536813,10.851362516952502
2022,260,winter,11.237997476304525,85.6762271576006,10.590850540529779
2022,261,winter,12.322162194797267,82.73386691532797,10.74063089441756
2022,262,winter,12.134669134347362,81.74929222341382,10.827395416027937
2022,263,winter,12.519544119798109,77.01837070863763,11.164861075347654
2022,264,spring,13.032616912274339,87.25769074951042,10.219353118745216
2022,265,spring,13.952391735645815,76.72507230150596,9.162396124183923
2022,266,spring,15.84137763514903,72.15459462799684,8.58985313378868
2022,267,spring,16.84693752043723,84.52823802669715,7.79034471853949
2022,268,spring,16.18332426565044,83.11925474318797,7.548733462108937
2022,269,spring,16.54314777302274,80.91499735770111,7.301331721468578
2022,270,spring,17.46109289242895,74.54074418708487,6.745907990892031
2022,271,spring,16.479644715084557,88.84629388886871,6.277995708498457
2022,272,spring,18.49140248639933,77.01374647908466,6.156360812629166
2022,273,spring,19.23849853088333,84.29590285406498,5.813525833521238
2022,274,spring,21.30939076434711,81.1546591433627,5.815843347321463
2022,275,spring,20.92212060452864,79.45191708144289,5.630194738542491
2022,276,spring,20.217960403626826,77.88221662570417,5.622634365601792
2022,277,spring,21.091003499070805,76.5222194309497,5.379936484370633
2022,278,spring,20.254803107481024,87.22732519764817,5.369441059241274
2022,279,spring,20.877099362792094,72.87165812797885,5.480783425196864
2022,280,spring,20.689227180984172,84.85044370037261,4.983725291336044
2022,281,spring,21.60322563772427,81.2895946709359,4.359535742162103
2022,282,spring,19.128502469604594,86.57551957577006,4.422967480344775
2022,283,spring,19.886576535704613,79.50697578943371,4.516887329173879
2022,284,spring,20.815067389680493,86.72233960868803,4.762251788448366
2022,285,spring,19.897859586879875,85.7635271291186,4.943582626822403
2022,286,spring,19.225035669525973,81.26368666735277,4.751210032719712
2022,287,spring,18.00003057203322,84.61188760341176,4.742093597268042
2022,288,spring,18.650929393205114,84.53581845584435,5.37510770478477
2022,289,spring,18.799043782182853,83.79681314561988,5.269667232742628
2022,290,spring,18.05409855225236,71.32322749822994,5.210065463424089
2022,291,spring,17.0984268211889,78.23868050064388,5.422419158810074
2022,292,spring,14.92196568693602,76.47485352480305,5.46975270340843
2022,293,spring,15.777862063240851,80.72515739767144,5.180068138809587
2022,294,spring,14.971145420534754,82.32452623529717,5.131535708203241
2022,295,spring,15.507507916158337,80.44799554886991,5.126515242979537
2022,296,spring,15.213804455900684,82.56902541369756,5.015612248959383
2022,297,spring,13.843143377736965,85.35493655030459,5.180389888621751
2022,298,spring,14.51262543425358,68.73485623269086,4.635083310006806
2022,299,spring,14.806689225731471,82.20288308373576,4.918029716428724
2022,300,spring,14.329544769404421,69.60810635250314,5.404707383899043
2022,301,spring,14.463624869846992,76.31587597108098,6.050135381245456
2022,302,spring,15.601618436638011,77.98342355670054,5.898294862243539
2022,303,spring,15.047508347744955,91.6995076924025,6.012910032580231
2022,304,spring,14.105674944291556,80.30848196561783,5.643299003091492
2022,305,spring,15.991931046346679,77.09453248607605,5.537573822281571
2022,306,spring,16.300257434143198,69.29921435185595,4.984807828697164
2022,307,spring,16.126344707947016,83.72865865921159,4.51690630447431
2022,308,spring,17.376049139648405,79.70153148663975,4.65618780347165
2022,309,spring,17.466947807195393,77.76420218996181,5.2099127076567076
2022,310,spring,17.20413991134348,74.80597428467034,5.046216773886019
2022,311,spring,17.12929201153775,67.6755200486191,5.242530807309391
2022,312,spring,18.597831339534398,82.97421057479535,5.07560982932938
2022,313,spring,18.19340773351034,79.70331848550126,4.6413049049512916
2022,314,spring,17.447866981027655,80.02770798210148,4.8697116332595805
2022,315,spring,17.239671895342127,85.72550558373702,4.951069618585221
2022,316,spring,16.452815805169944,77.79578935120426,4.694431335006585
2022,317,spring,17.365395920368837,79.79812000427607,4.659262678146497
2022,318,spring,16.624133535216192,83.41879678803872,4.554936306368065
2022,319,spring,16.823830619757977,86.07395767868405,4.364951647685165
2022,320,spring,18.212991801994168,87.34812961538934,4.33653827880932
2022,321,spring,18.86825869814063,83.61519673573173,4.899847178938111
2022,322,spring,19.079374639830753,75.33336327906557,4.816567074474733
2022,323,spring,18.551815031527894,83.41877837558356,5.036396086963152
2022,324,spring,18.54563671109071,84.86128935443865,5.134911519984374
2022,325,spring,16.522545726050687,91.59029429790074,5.156477808276545
2022,326,spring,17.620148542774547,77.51363479233467,4.744688242142225
2022,327,spring,19.22355124557095,79.46895414610029,4.906949565182688
2022,328,spring,20.563986289008632,85.07429741122706,5.1049019113407805
2022,329,spring,20.568602042230765,79.18769437464756,4.648267631428818
2022,330,spring,20.38990241408112,76.7911772309985,4.843163654476445
2022,331,spring,18.466784903424404,68.66020808562094,5.111979228946164
2022,332,spring,18.921427492214924,73.98318899502748,5.41696769424251
2022,333,spring,18.986095809123498,80.59283221218642,5.694333340695244
2022,334,spring,19.30382203555858,84.07174918172183,5.525676606967466
2022,335,spring,19.32508221564778,69.83741590860087,4.838622161738025
2022,336,spring,20.65687027204359,78.39446028177571,5.3474725929996625
2022,337,spring,19.682228913156752,78.09526030537536,5.739781305094669
2022,338,spring,20.0550582450344,78.62431577211113,5.5524593203997155
2022,339,spring,20.24168281819952,72.44679885848358,5.595218671650912
2022,340,spring,19.458910331555686,77.21368412788495,5.409761314370183
2022,341,spring,18.048707170518504,70.49924096576545,5.45088023320838
2022,342,spring,19.23337416767148,82.95044369411579,4.951167000467029
2022,343,spring,18.203834070926362,78.05143850077113,5.210855375962068
2022,344,spring,19.691361914714598,76.62374308740225,5.445714607022253
2022,345,spring,20.34896208484435,76.77964734155097,5.375315233912135
2022,346,spring,22.336251119965276,79.57629501476018,5.423444105198249
2022,347,spring,21.349797224423476,71.95555648654947,4.688517901194304
2022,348,spring,19.971835767070772,82.21321917528681,5.172419949612197
2022,349,spring,20.268068186642925,86.45140873886525,4.822867636085127
2022,350,spring,19.881667778590288,81.20857897756034,5.22431063491783
2022,351,spring,19.24119592636743,76.02160637803878,4.965759243374127
2022,352,spring,18.61455170194017,92.2874142254663,4.544118948173405
2022,353,spring,19.786545155978196,80.6915937930309,4.47178981201116
2022,354,spring,19.961543755968233,77.96419657394262,4.55716659893425
2022,355,summer,21.006980833347715,83.97567995667823,7.442321752855311
2022,356,summer,21.697014866600068,74.65359471519,10.052226585299492
2022,357,summer,22.626576958524137,63.35934476958308,12.362611973013038
2022,358,summer,23.969322018646192,81.82460820937469,14.406359283649698
2022,359,summer,24.10163898773223,92.1626892293264,15.97361018200875
2022,360,summer,26.198652129034727,77.62468275435245,17.657557580570476
2022,361,summer,24.64876832811118,79.4228021723719,18.579817184871796
2022,362,summer,24.362896707260546,80.54109547123225,19.39442056773409
2022,363,summer,24.730546487731612,85.74832748103037,20.060006131171374
2022,364,summer,26.97554886296994,81.5069589598351,20.840548100306478
2022,365,summer,27.610000859283886,80.32868022312145,20.85077827947562
